"source_path","target_path","classification","size_bytes","sha256_source","sha256_target","integrity_status"
"E:\EcommerceSkills\logistics-cost-skill-2.0\archive\calibration\79_items_original.json","E:\Electronic Commerce Auto\Logistics calibration\archive\legacy\calibration\79_items_original.json","KEEP_AS_ARCHIVE","63725","806EF315537711BB007A934D9DC62FD284C5EDB2E95A2B09D0D3AD0F4CCE27EE","806EF315537711BB007A934D9DC62FD284C5EDB2E95A2B09D0D3AD0F4CCE27EE","MATCH"
"E:\EcommerceSkills\logistics-cost-skill-2.0\archive\calibration\79_items_verified.json","E:\Electronic Commerce Auto\Logistics calibration\archive\legacy\calibration\79_items_verified.json","KEEP_AS_ARCHIVE","1117","F586C16926B826AA71EF35037BE56737B6C745D0C57DBF993F44A0B0D8697469","F586C16926B826AA71EF35037BE56737B6C745D0C57DBF993F44A0B0D8697469","MATCH"
"E:\EcommerceSkills\logistics-cost-skill-2.0\archive\calibration\79_items_visual_estimates.json","E:\Electronic Commerce Auto\Logistics calibration\archive\legacy\calibration\79_items_visual_estimates.json","KEEP_AS_ARCHIVE","52175","4A9F463D740ACFF59BEE8F3564B8ACE152366819580CBBE2F7F738128604978F","4A9F463D740ACFF59BEE8F3564B8ACE152366819580CBBE2F7F738128604978F","MATCH"
"E:\EcommerceSkills\logistics-cost-skill-2.0\archive\calibration\calibration_round_01_replay_report.md","E:\Electronic Commerce Auto\Logistics calibration\archive\legacy\calibration\calibration_round_01_replay_report.md","KEEP_AS_ARCHIVE","13441","5E4B456A943D2201AADF6BD542E419C8A14FFEA953C435E52A5A7016B31EC3DC","5E4B456A943D2201AADF6BD542E419C8A14FFEA953C435E52A5A7016B31EC3DC","MATCH"
"E:\EcommerceSkills\logistics-cost-skill-2.0\archive\calibration\calibration_samples.json","E:\Electronic Commerce Auto\Logistics calibration\archive\legacy\calibration\calibration_samples.json","KEEP_AS_ARCHIVE","90246","913F965384FCA90906980F2CEEC633DCA53927F876200E2CEFB7432C26A6BFAB","913F965384FCA90906980F2CEEC633DCA53927F876200E2CEFB7432C26A6BFAB","MATCH"
"E:\EcommerceSkills\logistics-cost-skill-2.0\archive\calibration\calibration_samples_cleaned_v1.json","E:\Electronic Commerce Auto\Logistics calibration\archive\legacy\calibration\calibration_samples_cleaned_v1.json","KEEP_AS_ARCHIVE","107927","59707C2967F0D1478622B872576134EEA028A1B7D01FCE4F7CEBAA3B143A58DD","59707C2967F0D1478622B872576134EEA028A1B7D01FCE4F7CEBAA3B143A58DD","MATCH"
"E:\EcommerceSkills\logistics-cost-skill-2.0\archive\calibration\calibration_samples_round_02.json","E:\Electronic Commerce Auto\Logistics calibration\archive\legacy\calibration\calibration_samples_round_02.json","KEEP_AS_ARCHIVE","20881","98164D6C6FDD72051EFB32FDFF4A626A68E3446FD3AA063A22CBC6D171A2EFFC","98164D6C6FDD72051EFB32FDFF4A626A68E3446FD3AA063A22CBC6D171A2EFFC","MATCH"
"E:\EcommerceSkills\logistics-cost-skill-2.0\archive\calibration\calibration_validation_report.md","E:\Electronic Commerce Auto\Logistics calibration\archive\legacy\calibration\calibration_validation_report.md","KEEP_AS_ARCHIVE","3265","148C6F23411D0078A71315EB4BF782ED4E259E29F2C6D931F369CBE3FE8EB972","148C6F23411D0078A71315EB4BF782ED4E259E29F2C6D931F369CBE3FE8EB972","MATCH"
"E:\EcommerceSkills\logistics-cost-skill-2.0\examples\alloy_stone_brooch_ai.json","E:\Electronic Commerce Auto\Logistics calibration\archive\legacy\examples\alloy_stone_brooch_ai.json","KEEP_AS_ARCHIVE","913","AFED25D66922DF18DB01487AC09E2E10EEB5EE458AF9273E109357B616EFB13E","AFED25D66922DF18DB01487AC09E2E10EEB5EE458AF9273E109357B616EFB13E","MATCH"
"E:\EcommerceSkills\logistics-cost-skill-2.0\examples\angel_wing_brooch_ai.json","E:\Electronic Commerce Auto\Logistics calibration\archive\legacy\examples\angel_wing_brooch_ai.json","KEEP_AS_ARCHIVE","915","ECA366C04DBE9A4C678A1412C17A93AF6DEBB76C4D4BB7569B196CA18CBFC7BD","ECA366C04DBE9A4C678A1412C17A93AF6DEBB76C4D4BB7569B196CA18CBFC7BD","MATCH"
"E:\EcommerceSkills\logistics-cost-skill-2.0\examples\apple_airpods_case_ai.json","E:\Electronic Commerce Auto\Logistics calibration\archive\legacy\examples\apple_airpods_case_ai.json","KEEP_AS_ARCHIVE","823","82A1D534AC1126BC8A9455C803E12DAD09982B9382CDED0EA90B365CD08605B2","82A1D534AC1126BC8A9455C803E12DAD09982B9382CDED0EA90B365CD08605B2","MATCH"
"E:\EcommerceSkills\logistics-cost-skill-2.0\examples\apple_compact_mirror_ai.json","E:\Electronic Commerce Auto\Logistics calibration\archive\legacy\examples\apple_compact_mirror_ai.json","KEEP_AS_ARCHIVE","1046","2EB6340EB2FB9CC264643B70D253679F1FD3890B61B677E176C9A276C0714464","2EB6340EB2FB9CC264643B70D253679F1FD3890B61B677E176C9A276C0714464","MATCH"
"E:\EcommerceSkills\logistics-cost-skill-2.0\examples\apple_smoothie_squishy_ai.json","E:\Electronic Commerce Auto\Logistics calibration\archive\legacy\examples\apple_smoothie_squishy_ai.json","KEEP_AS_ARCHIVE","909","88351DB087AA844D5E155CC48B49589577B668579A240F06D980AED5EB3B1E9E","88351DB087AA844D5E155CC48B49589577B668579A240F06D980AED5EB3B1E9E","MATCH"
"E:\EcommerceSkills\logistics-cost-skill-2.0\examples\arm_sleeves_ai.json","E:\Electronic Commerce Auto\Logistics calibration\archive\legacy\examples\arm_sleeves_ai.json","KEEP_AS_ARCHIVE","829","956E0248F7CB4BF8890D2C4BDD171EB1AA91B0C2FCB3E4998514C32708C74811","956E0248F7CB4BF8890D2C4BDD171EB1AA91B0C2FCB3E4998514C32708C74811","MATCH"
"E:\EcommerceSkills\logistics-cost-skill-2.0\examples\aroma_diffuser_ai.json","E:\Electronic Commerce Auto\Logistics calibration\archive\legacy\examples\aroma_diffuser_ai.json","KEEP_AS_ARCHIVE","1020","56C5CFA49ACB1C3ED1A8DB5FF76EFF01A691798D4AC809DAA07E58D5185C08DE","56C5CFA49ACB1C3ED1A8DB5FF76EFF01A691798D4AC809DAA07E58D5185C08DE","MATCH"
"E:\EcommerceSkills\logistics-cost-skill-2.0\examples\batman_cowl_mask_ai.json","E:\Electronic Commerce Auto\Logistics calibration\archive\legacy\examples\batman_cowl_mask_ai.json","KEEP_AS_ARCHIVE","1096","CAEBF5E613E266394673CA1282EB80C15399D126A29C9F78924925264981DA3A","CAEBF5E613E266394673CA1282EB80C15399D126A29C9F78924925264981DA3A","MATCH"
"E:\EcommerceSkills\logistics-cost-skill-2.0\examples\bikini_swimsuit_set_ai.json","E:\Electronic Commerce Auto\Logistics calibration\archive\legacy\examples\bikini_swimsuit_set_ai.json","KEEP_AS_ARCHIVE","886","0CE530C70FA32D44C74C387DEC18A3B44370594930B52A4F83AE12A6E0C11EA6","0CE530C70FA32D44C74C387DEC18A3B44370594930B52A4F83AE12A6E0C11EA6","MATCH"
"E:\EcommerceSkills\logistics-cost-skill-2.0\examples\black_tabi_socks_ai.json","E:\Electronic Commerce Auto\Logistics calibration\archive\legacy\examples\black_tabi_socks_ai.json","KEEP_AS_ARCHIVE","899","5939AB309E53D981B32574488947E036217FF7F3C06949B853C607A17D3F110F","5939AB309E53D981B32574488947E036217FF7F3C06949B853C607A17D3F110F","MATCH"
"E:\EcommerceSkills\logistics-cost-skill-2.0\examples\blue_crew_socks_ai.json","E:\Electronic Commerce Auto\Logistics calibration\archive\legacy\examples\blue_crew_socks_ai.json","KEEP_AS_ARCHIVE","796","6058C43FF8071ABB1294CC4F7D58334DB041E116284070B9EF33BB9AF5A629DE","6058C43FF8071ABB1294CC4F7D58334DB041E116284070B9EF33BB9AF5A629DE","MATCH"
"E:\EcommerceSkills\logistics-cost-skill-2.0\examples\body_chain_no_pierce_ai.json","E:\Electronic Commerce Auto\Logistics calibration\archive\legacy\examples\body_chain_no_pierce_ai.json","KEEP_AS_ARCHIVE","916","881263BE249CFB3C46C87792265FD169341BF70B929DCE7B25C54AD39C64214D","881263BE249CFB3C46C87792265FD169341BF70B929DCE7B25C54AD39C64214D","MATCH"
"E:\EcommerceSkills\logistics-cost-skill-2.0\examples\brass_maneki_neko_ai.json","E:\Electronic Commerce Auto\Logistics calibration\archive\legacy\examples\brass_maneki_neko_ai.json","KEEP_AS_ARCHIVE","840","3C465158E28F3F788BDE9BB2BD935D3D51886DAE0E524DD03B8041CEC4AA2329","3C465158E28F3F788BDE9BB2BD935D3D51886DAE0E524DD03B8041CEC4AA2329","MATCH"
"E:\EcommerceSkills\logistics-cost-skill-2.0\examples\brush_set_ai.json","E:\Electronic Commerce Auto\Logistics calibration\archive\legacy\examples\brush_set_ai.json","KEEP_AS_ARCHIVE","1031","412E2BC56E2565684120D9950325A68466FEE83613517C52D6942C43DFF5BF55","412E2BC56E2565684120D9950325A68466FEE83613517C52D6942C43DFF5BF55","MATCH"
"E:\EcommerceSkills\logistics-cost-skill-2.0\examples\camera_strap_ai.json","E:\Electronic Commerce Auto\Logistics calibration\archive\legacy\examples\camera_strap_ai.json","KEEP_AS_ARCHIVE","916","11F5A06CD17D57017A072B5209DB4BF295247F6A337DF121665EAB72F6C6F7F9","11F5A06CD17D57017A072B5209DB4BF295247F6A337DF121665EAB72F6C6F7F9","MATCH"
"E:\EcommerceSkills\logistics-cost-skill-2.0\examples\car_seatbelt_extender_pair_ai.json","E:\Electronic Commerce Auto\Logistics calibration\archive\legacy\examples\car_seatbelt_extender_pair_ai.json","KEEP_AS_ARCHIVE","872","190D35AED0C8B914F533B464F93B4D480F13EB9206C81FC7C2CEC0E94DF0EA83","190D35AED0C8B914F533B464F93B4D480F13EB9206C81FC7C2CEC0E94DF0EA83","MATCH"
"E:\EcommerceSkills\logistics-cost-skill-2.0\examples\cotton_skull_cap_ai.json","E:\Electronic Commerce Auto\Logistics calibration\archive\legacy\examples\cotton_skull_cap_ai.json","KEEP_AS_ARCHIVE","877","8409857E935843D85F952AE6772A2A3522E06C3CB51762A2FDFAA2FF6F74B7EE","8409857E935843D85F952AE6772A2A3522E06C3CB51762A2FDFAA2FF6F74B7EE","MATCH"
"E:\EcommerceSkills\logistics-cost-skill-2.0\examples\cream_tabisocks_5pack_ai.json","E:\Electronic Commerce Auto\Logistics calibration\archive\legacy\examples\cream_tabisocks_5pack_ai.json","KEEP_AS_ARCHIVE","902","C9B7637BAE5ABBB285CCAC6A8D81CD84945C32B63956D4731C81E02450333FCB","C9B7637BAE5ABBB285CCAC6A8D81CD84945C32B63956D4731C81E02450333FCB","MATCH"
"E:\EcommerceSkills\logistics-cost-skill-2.0\examples\dual_head_makeup_brush_set_F4E6_ai.json","E:\Electronic Commerce Auto\Logistics calibration\archive\legacy\examples\dual_head_makeup_brush_set_F4E6_ai.json","KEEP_AS_ARCHIVE","1609","66B505AB8C99855A0724BE89E8ACB88A0B6BCF74BE4226A0B01945EB89E581A0","66B505AB8C99855A0724BE89E8ACB88A0B6BCF74BE4226A0B01945EB89E581A0","MATCH"
"E:\EcommerceSkills\logistics-cost-skill-2.0\examples\evening_clutch_ai.json","E:\Electronic Commerce Auto\Logistics calibration\archive\legacy\examples\evening_clutch_ai.json","KEEP_AS_ARCHIVE","943","375CDB17F3984A4CF54202875E5B72F3B70391D04CE4E363872EBBB252837A79","375CDB17F3984A4CF54202875E5B72F3B70391D04CE4E363872EBBB252837A79","MATCH"
"E:\EcommerceSkills\logistics-cost-skill-2.0\examples\five_toe_socks_ai.json","E:\Electronic Commerce Auto\Logistics calibration\archive\legacy\examples\five_toe_socks_ai.json","KEEP_AS_ARCHIVE","845","98289DD7556529AD28B3830C7AF552D29E7C84F1F2AC7AE3B23403491AD7F075","98289DD7556529AD28B3830C7AF552D29E7C84F1F2AC7AE3B23403491AD7F075","MATCH"
"E:\EcommerceSkills\logistics-cost-skill-2.0\examples\flat_top_cap_ai.json","E:\Electronic Commerce Auto\Logistics calibration\archive\legacy\examples\flat_top_cap_ai.json","KEEP_AS_ARCHIVE","1135","DDB459BA3FF1AEBE9B68B0CE0527FBFF18B62A42D87084942A243D9171C21632","DDB459BA3FF1AEBE9B68B0CE0527FBFF18B62A42D87084942A243D9171C21632","MATCH"
"E:\EcommerceSkills\logistics-cost-skill-2.0\examples\folding_fan_ai.json","E:\Electronic Commerce Auto\Logistics calibration\archive\legacy\examples\folding_fan_ai.json","KEEP_AS_ARCHIVE","930","75C932E8FBB21DA647FB81166C00E83E4B34F0B398EA22A237076E229A06C1EB","75C932E8FBB21DA647FB81166C00E83E4B34F0B398EA22A237076E229A06C1EB","MATCH"
"E:\EcommerceSkills\logistics-cost-skill-2.0\examples\football_keychain_set_ai.json","E:\Electronic Commerce Auto\Logistics calibration\archive\legacy\examples\football_keychain_set_ai.json","KEEP_AS_ARCHIVE","884","9BD14FD09A0AC9E9E060E4287DDD4DB77C0B9EDE33B6196F530A1E7FB2274AB6","9BD14FD09A0AC9E9E060E4287DDD4DB77C0B9EDE33B6196F530A1E7FB2274AB6","MATCH"
"E:\EcommerceSkills\logistics-cost-skill-2.0\examples\furniture_corner_protectors_ai.json","E:\Electronic Commerce Auto\Logistics calibration\archive\legacy\examples\furniture_corner_protectors_ai.json","KEEP_AS_ARCHIVE","863","613CFC8CBE4281FDC14160B367EA3D1E17E6DBA31EB5FD6D5DBAEA9271187A1E","613CFC8CBE4281FDC14160B367EA3D1E17E6DBA31EB5FD6D5DBAEA9271187A1E","MATCH"
"E:\EcommerceSkills\logistics-cost-skill-2.0\examples\gaia_figurine_ai.json","E:\Electronic Commerce Auto\Logistics calibration\archive\legacy\examples\gaia_figurine_ai.json","KEEP_AS_ARCHIVE","1100","3BB42957106B1E1D69EAEAC8F44636B6AE5AC95CDE6C984204A1C4A82DFB81E1","3BB42957106B1E1D69EAEAC8F44636B6AE5AC95CDE6C984204A1C4A82DFB81E1","MATCH"
"E:\EcommerceSkills\logistics-cost-skill-2.0\examples\ganesha_ai.json","E:\Electronic Commerce Auto\Logistics calibration\archive\legacy\examples\ganesha_ai.json","KEEP_AS_ARCHIVE","985","CF272AE67844B518A66C1FB02741A2620D4B8568BB0DBBBD33C764D8F2BC0B8D","CF272AE67844B518A66C1FB02741A2620D4B8568BB0DBBBD33C764D8F2BC0B8D","MATCH"
"E:\EcommerceSkills\logistics-cost-skill-2.0\examples\garlic_grinder_ai.json","E:\Electronic Commerce Auto\Logistics calibration\archive\legacy\examples\garlic_grinder_ai.json","KEEP_AS_ARCHIVE","887","BB69E20B8C2585952B17A6707CDF638FDE08069DB237555B5AB641AC17C00C47","BB69E20B8C2585952B17A6707CDF638FDE08069DB237555B5AB641AC17C00C47","MATCH"
"E:\EcommerceSkills\logistics-cost-skill-2.0\examples\glass_apple_decoration_ai.json","E:\Electronic Commerce Auto\Logistics calibration\archive\legacy\examples\glass_apple_decoration_ai.json","KEEP_AS_ARCHIVE","847","BB24E2D256FC6C9F16D7AAB5D79501F93A37F75B1356DB709E1B82C485E21328","BB24E2D256FC6C9F16D7AAB5D79501F93A37F75B1356DB709E1B82C485E21328","MATCH"
"E:\EcommerceSkills\logistics-cost-skill-2.0\examples\gothic_lace_arm_gloves_ai.json","E:\Electronic Commerce Auto\Logistics calibration\archive\legacy\examples\gothic_lace_arm_gloves_ai.json","KEEP_AS_ARCHIVE","877","13A55AE1D381DDB0DCF901399B05D8DB7840D3487473075929CFBEABACA20D5B","13A55AE1D381DDB0DCF901399B05D8DB7840D3487473075929CFBEABACA20D5B","MATCH"
"E:\EcommerceSkills\logistics-cost-skill-2.0\examples\greca_belt_ai.json","E:\Electronic Commerce Auto\Logistics calibration\archive\legacy\examples\greca_belt_ai.json","KEEP_AS_ARCHIVE","931","0957CFB81903F1A824DB9103DD9D4D0C4D45EE6D7D32B8AEA08B048AB4A98FB7","0957CFB81903F1A824DB9103DD9D4D0C4D45EE6D7D32B8AEA08B048AB4A98FB7","MATCH"
"E:\EcommerceSkills\logistics-cost-skill-2.0\examples\greca_belt_v2.json","E:\Electronic Commerce Auto\Logistics calibration\archive\legacy\examples\greca_belt_v2.json","KEEP_AS_ARCHIVE","869","1303E51BD95B06D45400BCBDDE1CDD3715EA0586729F9C9DCF4A39DF949BCE0B","1303E51BD95B06D45400BCBDDE1CDD3715EA0586729F9C9DCF4A39DF949BCE0B","MATCH"
"E:\EcommerceSkills\logistics-cost-skill-2.0\examples\gym_workout_gloves_ai.json","E:\Electronic Commerce Auto\Logistics calibration\archive\legacy\examples\gym_workout_gloves_ai.json","KEEP_AS_ARCHIVE","908","E2A48DCFCD14D922EC20EE0D35A200701160BA24FFF656EBD8AE1571611EBD90","E2A48DCFCD14D922EC20EE0D35A200701160BA24FFF656EBD8AE1571611EBD90","MATCH"
"E:\EcommerceSkills\logistics-cost-skill-2.0\examples\hair_stick_5pack_ai.json","E:\Electronic Commerce Auto\Logistics calibration\archive\legacy\examples\hair_stick_5pack_ai.json","KEEP_AS_ARCHIVE","819","C5159254725362A4E9C57BF46028326C439B5806A269AB1B0519AD415F3C12F6","C5159254725362A4E9C57BF46028326C439B5806A269AB1B0519AD415F3C12F6","MATCH"
"E:\EcommerceSkills\logistics-cost-skill-2.0\examples\hanging_hand_towel_ai.json","E:\Electronic Commerce Auto\Logistics calibration\archive\legacy\examples\hanging_hand_towel_ai.json","KEEP_AS_ARCHIVE","854","43D9FEDD5E0EA56416B6B4646D56A9984BE8B18044E4770EF79A1B09C9A76C86","43D9FEDD5E0EA56416B6B4646D56A9984BE8B18044E4770EF79A1B09C9A76C86","MATCH"
"E:\EcommerceSkills\logistics-cost-skill-2.0\examples\houndstooth_knee_socks_ai.json","E:\Electronic Commerce Auto\Logistics calibration\archive\legacy\examples\houndstooth_knee_socks_ai.json","KEEP_AS_ARCHIVE","842","CFB87A28BE38D03B406F3F78C35409E1EF524E9F6A3F7CA5795F1EE568BE3805","CFB87A28BE38D03B406F3F78C35409E1EF524E9F6A3F7CA5795F1EE568BE3805","MATCH"
"E:\EcommerceSkills\logistics-cost-skill-2.0\examples\kazoo_metal_instrument_ai.json","E:\Electronic Commerce Auto\Logistics calibration\archive\legacy\examples\kazoo_metal_instrument_ai.json","KEEP_AS_ARCHIVE","874","DCDBD6199007A4FF6304A110B057ECDEAB8C6389E49E5075D6160364012D08FB","DCDBD6199007A4FF6304A110B057ECDEAB8C6389E49E5075D6160364012D08FB","MATCH"
"E:\EcommerceSkills\logistics-cost-skill-2.0\examples\latex_batman_cowl_mask_ai.json","E:\Electronic Commerce Auto\Logistics calibration\archive\legacy\examples\latex_batman_cowl_mask_ai.json","KEEP_AS_ARCHIVE","879","2B25D1E68C3562141951CB76808834062A60AAD9781D498578C97E4F4A5F33B8","2B25D1E68C3562141951CB76808834062A60AAD9781D498578C97E4F4A5F33B8","MATCH"
"E:\EcommerceSkills\logistics-cost-skill-2.0\examples\long_wallet_phone_combo_ai.json","E:\Electronic Commerce Auto\Logistics calibration\archive\legacy\examples\long_wallet_phone_combo_ai.json","KEEP_AS_ARCHIVE","869","1139271869B8341E620D2B36D40C376AA39381A52986E783C6CD800CDA90EF4B","1139271869B8341E620D2B36D40C376AA39381A52986E783C6CD800CDA90EF4B","MATCH"
"E:\EcommerceSkills\logistics-cost-skill-2.0\examples\malt_sugar_ball_ai.json","E:\Electronic Commerce Auto\Logistics calibration\archive\legacy\examples\malt_sugar_ball_ai.json","KEEP_AS_ARCHIVE","853","382EB381D498BCF49DD60958674CE04C19DC0A715D829F1421DBA19582CBDFF6","382EB381D498BCF49DD60958674CE04C19DC0A715D829F1421DBA19582CBDFF6","MATCH"
"E:\EcommerceSkills\logistics-cost-skill-2.0\examples\mesh_cycling_skull_cap_ai.json","E:\Electronic Commerce Auto\Logistics calibration\archive\legacy\examples\mesh_cycling_skull_cap_ai.json","KEEP_AS_ARCHIVE","909","CECF0D44F143C4A9263D406F4AA7A25ED7BF2BB84160B4219D8B895B9395C303","CECF0D44F143C4A9263D406F4AA7A25ED7BF2BB84160B4219D8B895B9395C303","MATCH"
"E:\EcommerceSkills\logistics-cost-skill-2.0\examples\metal_waist_chain_ai.json","E:\Electronic Commerce Auto\Logistics calibration\archive\legacy\examples\metal_waist_chain_ai.json","KEEP_AS_ARCHIVE","866","AE78BEBE0D9059D2633738574B41BB68C4453C054697750428A0C12B67389F31","AE78BEBE0D9059D2633738574B41BB68C4453C054697750428A0C12B67389F31","MATCH"
"E:\EcommerceSkills\logistics-cost-skill-2.0\examples\mini_strawberry_backpack_ai.json","E:\Electronic Commerce Auto\Logistics calibration\archive\legacy\examples\mini_strawberry_backpack_ai.json","KEEP_AS_ARCHIVE","899","2246C37F143A99A729B5E87694410DBA460F5ADE0F91FA277D5FC873DCC9C0B1","2246C37F143A99A729B5E87694410DBA460F5ADE0F91FA277D5FC873DCC9C0B1","MATCH"
"E:\EcommerceSkills\logistics-cost-skill-2.0\examples\mlp_purple_curly_wig_ai.json","E:\Electronic Commerce Auto\Logistics calibration\archive\legacy\examples\mlp_purple_curly_wig_ai.json","KEEP_AS_ARCHIVE","867","F2F145E9DEF7663D0E5FAFAB137E493DA150391D81CD2B0A13FCE53AC40E7743","F2F145E9DEF7663D0E5FAFAB137E493DA150391D81CD2B0A13FCE53AC40E7743","MATCH"
"E:\EcommerceSkills\logistics-cost-skill-2.0\examples\nail_art_brush_ai.json","E:\Electronic Commerce Auto\Logistics calibration\archive\legacy\examples\nail_art_brush_ai.json","KEEP_AS_ARCHIVE","892","32CE16AC5F9988892264C37E93D891E1BD6ED1A9A2A821000F517BBAE18A9C37","32CE16AC5F9988892264C37E93D891E1BD6ED1A9A2A821000F517BBAE18A9C37","MATCH"
"E:\EcommerceSkills\logistics-cost-skill-2.0\examples\painthandle_ai.json","E:\Electronic Commerce Auto\Logistics calibration\archive\legacy\examples\painthandle_ai.json","KEEP_AS_ARCHIVE","892","5FB3ACDAE4069F0FC2F36F17723379CF2A75295E97EB79B42B06FEA89040D64B","5FB3ACDAE4069F0FC2F36F17723379CF2A75295E97EB79B42B06FEA89040D64B","MATCH"
"E:\EcommerceSkills\logistics-cost-skill-2.0\examples\pet_bandana_ai.json","E:\Electronic Commerce Auto\Logistics calibration\archive\legacy\examples\pet_bandana_ai.json","KEEP_AS_ARCHIVE","937","118AD24A3C13AB94B96F1DA86355A30F491C6222BBE9B3467AF3557845931D7D","118AD24A3C13AB94B96F1DA86355A30F491C6222BBE9B3467AF3557845931D7D","MATCH"
"E:\EcommerceSkills\logistics-cost-skill-2.0\examples\pet_car_safety_belt_ai.json","E:\Electronic Commerce Auto\Logistics calibration\archive\legacy\examples\pet_car_safety_belt_ai.json","KEEP_AS_ARCHIVE","960","28D7D67087181A85844FFC08E67104CE0E51C5192201260F8F1E756E7E5FDE20","28D7D67087181A85844FFC08E67104CE0E51C5192201260F8F1E756E7E5FDE20","MATCH"
"E:\EcommerceSkills\logistics-cost-skill-2.0\examples\plush_wing_clip_ai.json","E:\Electronic Commerce Auto\Logistics calibration\archive\legacy\examples\plush_wing_clip_ai.json","KEEP_AS_ARCHIVE","875","9A721036CA8A8DF508D7CC559557313B6556DA84862144CBAAA4FA4C1570D344","9A721036CA8A8DF508D7CC559557313B6556DA84862144CBAAA4FA4C1570D344","MATCH"
"E:\EcommerceSkills\logistics-cost-skill-2.0\examples\pu_flower_bag_charm_ai.json","E:\Electronic Commerce Auto\Logistics calibration\archive\legacy\examples\pu_flower_bag_charm_ai.json","KEEP_AS_ARCHIVE","871","EFB750B06559AAF42B043F710DC2AA5B94BCECE366183D4A4E681B9A44CEC270","EFB750B06559AAF42B043F710DC2AA5B94BCECE366183D4A4E681B9A44CEC270","MATCH"
"E:\EcommerceSkills\logistics-cost-skill-2.0\examples\pu_small_chain_shoulder_bag_ai.json","E:\Electronic Commerce Auto\Logistics calibration\archive\legacy\examples\pu_small_chain_shoulder_bag_ai.json","KEEP_AS_ARCHIVE","922","FB74B7C0707E7994891D3AFC453469443F9D9AB39FAB545308F8A4489A44F5EF","FB74B7C0707E7994891D3AFC453469443F9D9AB39FAB545308F8A4489A44F5EF","MATCH"
"E:\EcommerceSkills\logistics-cost-skill-2.0\examples\ribbed_arm_sleeves_ai.json","E:\Electronic Commerce Auto\Logistics calibration\archive\legacy\examples\ribbed_arm_sleeves_ai.json","KEEP_AS_ARCHIVE","841","626EAAFE158DAA3BF9BA3C93AC4E176A350DF2F3A09F63E849AB16CB25365595","626EAAFE158DAA3BF9BA3C93AC4E176A350DF2F3A09F63E849AB16CB25365595","MATCH"
"E:\EcommerceSkills\logistics-cost-skill-2.0\examples\satin_scrunchie_ai.json","E:\Electronic Commerce Auto\Logistics calibration\archive\legacy\examples\satin_scrunchie_ai.json","KEEP_AS_ARCHIVE","825","F0E0936B48A9A57055D17AC729240B7FC80F93B7FDDA00B7FB576B078B9C7F20","F0E0936B48A9A57055D17AC729240B7FC80F93B7FDDA00B7FB576B078B9C7F20","MATCH"
"E:\EcommerceSkills\logistics-cost-skill-2.0\examples\satin_sleep_cap_ai.json","E:\Electronic Commerce Auto\Logistics calibration\archive\legacy\examples\satin_sleep_cap_ai.json","KEEP_AS_ARCHIVE","868","623FCA847EFA17877895737EF53C84BDD018CAEAC24FA6D14DFADBF49693C787","623FCA847EFA17877895737EF53C84BDD018CAEAC24FA6D14DFADBF49693C787","MATCH"
"E:\EcommerceSkills\logistics-cost-skill-2.0\examples\seamless_bandeau_ai.json","E:\Electronic Commerce Auto\Logistics calibration\archive\legacy\examples\seamless_bandeau_ai.json","KEEP_AS_ARCHIVE","950","8C66987C6DF9065FA982FDEB2DEC1A86EDD9EB6D4B1409CCE0A3CC9F69E9C0B9","8C66987C6DF9065FA982FDEB2DEC1A86EDD9EB6D4B1409CCE0A3CC9F69E9C0B9","MATCH"
"E:\EcommerceSkills\logistics-cost-skill-2.0\examples\sheer_pantyhose_ai.json","E:\Electronic Commerce Auto\Logistics calibration\archive\legacy\examples\sheer_pantyhose_ai.json","KEEP_AS_ARCHIVE","901","F9158436EFDC10B190495E7A4E79C2766CA00A5EE780E47C4D4F71D8195F457B","F9158436EFDC10B190495E7A4E79C2766CA00A5EE780E47C4D4F71D8195F457B","MATCH"
"E:\EcommerceSkills\logistics-cost-skill-2.0\examples\shell_evening_clutch_ai.json","E:\Electronic Commerce Auto\Logistics calibration\archive\legacy\examples\shell_evening_clutch_ai.json","KEEP_AS_ARCHIVE","902","E96735260956DF44F144D14A15766E74B02AB22633A74C4572B6A98692808265","E96735260956DF44F144D14A15766E74B02AB22633A74C4572B6A98692808265","MATCH"
"E:\EcommerceSkills\logistics-cost-skill-2.0\examples\silicone_bear_ice_mold_ai.json","E:\Electronic Commerce Auto\Logistics calibration\archive\legacy\examples\silicone_bear_ice_mold_ai.json","KEEP_AS_ARCHIVE","859","06821A4D45EF51F24724B0D50499EE97B7B646A49F9AD7A456DB770CA003A2D2","06821A4D45EF51F24724B0D50499EE97B7B646A49F9AD7A456DB770CA003A2D2","MATCH"
"E:\EcommerceSkills\logistics-cost-skill-2.0\examples\silicone_door_stopper_ai.json","E:\Electronic Commerce Auto\Logistics calibration\archive\legacy\examples\silicone_door_stopper_ai.json","KEEP_AS_ARCHIVE","858","087B60179B5C0D88182F9DBB7969ED9E55C46E09D8521540AA455CB9928BCBD0","087B60179B5C0D88182F9DBB7969ED9E55C46E09D8521540AA455CB9928BCBD0","MATCH"
"E:\EcommerceSkills\logistics-cost-skill-2.0\examples\silicone_earplugs_pair_ai.json","E:\Electronic Commerce Auto\Logistics calibration\archive\legacy\examples\silicone_earplugs_pair_ai.json","KEEP_AS_ARCHIVE","871","E0DAED3277CB99F39E6A4CBC89BC9CBBB86FC924B6AEC6D2ECA1D75DBB627B70","E0DAED3277CB99F39E6A4CBC89BC9CBBB86FC924B6AEC6D2ECA1D75DBB627B70","MATCH"
"E:\EcommerceSkills\logistics-cost-skill-2.0\examples\smart_temp_coffee_cup_ai.json","E:\Electronic Commerce Auto\Logistics calibration\archive\legacy\examples\smart_temp_coffee_cup_ai.json","KEEP_AS_ARCHIVE","897","FA48DDE9237620781C8BC391CC1829B3D88D20AFDCCE4F8904BA2BA1D57C3B9B","FA48DDE9237620781C8BC391CC1829B3D88D20AFDCCE4F8904BA2BA1D57C3B9B","MATCH"
"E:\EcommerceSkills\logistics-cost-skill-2.0\examples\snowflake_hair_clip_ai.json","E:\Electronic Commerce Auto\Logistics calibration\archive\legacy\examples\snowflake_hair_clip_ai.json","KEEP_AS_ARCHIVE","891","44742C23FEF41F4320440E2A2490292B13D6F2A86BFD78FCF75FE3EE16B79B3A","44742C23FEF41F4320440E2A2490292B13D6F2A86BFD78FCF75FE3EE16B79B3A","MATCH"
"E:\EcommerceSkills\logistics-cost-skill-2.0\examples\socks_ai.json","E:\Electronic Commerce Auto\Logistics calibration\archive\legacy\examples\socks_ai.json","KEEP_AS_ARCHIVE","755","2F0B28F79BA9753B861D86E3BB74E61A0F3527F2B21B8DE70C218039A13B8A1F","2F0B28F79BA9753B861D86E3BB74E61A0F3527F2B21B8DE70C218039A13B8A1F","MATCH"
"E:\EcommerceSkills\logistics-cost-skill-2.0\examples\split_toe_socks_ai.json","E:\Electronic Commerce Auto\Logistics calibration\archive\legacy\examples\split_toe_socks_ai.json","KEEP_AS_ARCHIVE","873","4BB84FAE6FB5CDD8D272FC426F93AF09F33F2B55D9C3302E996E20606D01FE4D","4BB84FAE6FB5CDD8D272FC426F93AF09F33F2B55D9C3302E996E20606D01FE4D","MATCH"
"E:\EcommerceSkills\logistics-cost-skill-2.0\examples\thin_wallet_coin_purse_ai.json","E:\Electronic Commerce Auto\Logistics calibration\archive\legacy\examples\thin_wallet_coin_purse_ai.json","KEEP_AS_ARCHIVE","847","ACB13C1277BF86EB4FE25AE7C77ACA6DFF34DADEDD4E32F8E0A9A6D7F506A3E4","ACB13C1277BF86EB4FE25AE7C77ACA6DFF34DADEDD4E32F8E0A9A6D7F506A3E4","MATCH"
"E:\EcommerceSkills\logistics-cost-skill-2.0\examples\two_toe_socks_5pack_ai.json","E:\Electronic Commerce Auto\Logistics calibration\archive\legacy\examples\two_toe_socks_5pack_ai.json","KEEP_AS_ARCHIVE","923","F9FC6A194E99435D0A2B788DB3A0502EB553AFF2E62098ECFB50F69B047B7068","F9FC6A194E99435D0A2B788DB3A0502EB553AFF2E62098ECFB50F69B047B7068","MATCH"
"E:\EcommerceSkills\logistics-cost-skill-2.0\examples\waterproof_phone_pouch_ai.json","E:\Electronic Commerce Auto\Logistics calibration\archive\legacy\examples\waterproof_phone_pouch_ai.json","KEEP_AS_ARCHIVE","820","72082071C99BF2C924B5AB0C9522FE83107A577E60C5AE8A87EFD1756CB37F81","72082071C99BF2C924B5AB0C9522FE83107A577E60C5AE8A87EFD1756CB37F81","MATCH"
"E:\EcommerceSkills\logistics-cost-skill-2.0\examples\white_two_toe_socks_ai.json","E:\Electronic Commerce Auto\Logistics calibration\archive\legacy\examples\white_two_toe_socks_ai.json","KEEP_AS_ARCHIVE","955","F897892AC2FBA3BFF9A8E2DF11E43DAA9DD5572F5D3C002A69CFEACD4A59E692","F897892AC2FBA3BFF9A8E2DF11E43DAA9DD5572F5D3C002A69CFEACD4A59E692","MATCH"
"E:\EcommerceSkills\logistics-cost-skill-2.0\examples\window_scraper_ai.json","E:\Electronic Commerce Auto\Logistics calibration\archive\legacy\examples\window_scraper_ai.json","KEEP_AS_ARCHIVE","857","A4AEDAED5C8529E6D0399D949CE08522216E095FC3E25DB82F92716AE004C2B1","A4AEDAED5C8529E6D0399D949CE08522216E095FC3E25DB82F92716AE004C2B1","MATCH"
"E:\EcommerceSkills\logistics-cost-skill-2.0\knowledge\calibration_cases.jsonl","E:\Electronic Commerce Auto\Logistics calibration\archive\legacy\knowledge\calibration_cases.jsonl","KEEP_AS_ARCHIVE","2887","CBB8A0E389270A39CE91EB054DACC36BE6DECD742C5F6763657558B50123CA2D","CBB8A0E389270A39CE91EB054DACC36BE6DECD742C5F6763657558B50123CA2D","MATCH"
"E:\EcommerceSkills\logistics-cost-skill-2.0\output\audit\2026-08-06\canvas_tote_bag_kuaner_audit.md","E:\Electronic Commerce Auto\Logistics calibration\archive\legacy\output\audit\2026-08-06\canvas_tote_bag_kuaner_audit.md","KEEP_AS_ARCHIVE","7114","13A85BEDDF79047F2C8DD06C08B659AD9A3BF5720D06906A1E11923FC0B3D731","13A85BEDDF79047F2C8DD06C08B659AD9A3BF5720D06906A1E11923FC0B3D731","MATCH"
"E:\EcommerceSkills\logistics-cost-skill-2.0\output\audit\2026-08-06\cosmetic_bag_kuaner_audit.md","E:\Electronic Commerce Auto\Logistics calibration\archive\legacy\output\audit\2026-08-06\cosmetic_bag_kuaner_audit.md","KEEP_AS_ARCHIVE","6354","B9B3E22A66B256B71986A23ECC3BA6E327635B3EEFB7188404053DB3B0BE9E50","B9B3E22A66B256B71986A23ECC3BA6E327635B3EEFB7188404053DB3B0BE9E50","MATCH"
"E:\EcommerceSkills\logistics-cost-skill-2.0\output\audit\2026-08-06\cosmetic_bag_kuanliu_audit.md","E:\Electronic Commerce Auto\Logistics calibration\archive\legacy\output\audit\2026-08-06\cosmetic_bag_kuanliu_audit.md","KEEP_AS_ARCHIVE","7029","8400FD902F4D9215C4D209FA7CDE6C693C3E944F904F28A372E40D2E147DEC85","8400FD902F4D9215C4D209FA7CDE6C693C3E944F904F28A372E40D2E147DEC85","MATCH"
"E:\EcommerceSkills\logistics-cost-skill-2.0\output\audit\2026-08-06\cosmetic_bag_polka_mint_audit.md","E:\Electronic Commerce Auto\Logistics calibration\archive\legacy\output\audit\2026-08-06\cosmetic_bag_polka_mint_audit.md","KEEP_AS_ARCHIVE","6235","6EEA61E302B3CEF56F4B08C2E6AD95A112177FC30BE90C700D7B7E7E39FFCF47","6EEA61E302B3CEF56F4B08C2E6AD95A112177FC30BE90C700D7B7E7E39FFCF47","MATCH"
"E:\EcommerceSkills\logistics-cost-skill-2.0\output\cosmetic_bag_estimate_process_2026-08-04.md","E:\Electronic Commerce Auto\Logistics calibration\archive\legacy\output\cosmetic_bag_estimate_process_2026-08-04.md","KEEP_AS_ARCHIVE","5561","4C91E411EECCF3629F666EF12067B507CA64D5D06072C2EE52E45C50484F4F0F","4C91E411EECCF3629F666EF12067B507CA64D5D06072C2EE52E45C50484F4F0F","MATCH"
"E:\EcommerceSkills\logistics-cost-skill-2.0\output\kitty_cosmetic_bag_head_only_2026-08-04.md","E:\Electronic Commerce Auto\Logistics calibration\archive\legacy\output\kitty_cosmetic_bag_head_only_2026-08-04.md","KEEP_AS_ARCHIVE","7450","DFFD758480C76A98AE40829FBFF2A38702E85C12B04ABD11B9C94CE3B1B3FCDD","DFFD758480C76A98AE40829FBFF2A38702E85C12B04ABD11B9C94CE3B1B3FCDD","MATCH"
"E:\EcommerceSkills\logistics-cost-skill-2.0\output\metal_waist_chain_estimate_process_2026-08-01.md","E:\Electronic Commerce Auto\Logistics calibration\archive\legacy\output\metal_waist_chain_estimate_process_2026-08-01.md","KEEP_AS_ARCHIVE","6953","4C5A89C07932320291763B0AE11F0D6A5229FC95984A149AF22D922C2795DD17","4C5A89C07932320291763B0AE11F0D6A5229FC95984A149AF22D922C2795DD17","MATCH"
"E:\EcommerceSkills\logistics-cost-skill-2.0\output\pet_comb_estimate_process_2026-08-02.md","E:\Electronic Commerce Auto\Logistics calibration\archive\legacy\output\pet_comb_estimate_process_2026-08-02.md","KEEP_AS_ARCHIVE","9037","24A7367B7F14C91FF3B7D72B38D7149D02750CC4A0A9A2DF1C7E66ACC95B4965","24A7367B7F14C91FF3B7D72B38D7149D02750CC4A0A9A2DF1C7E66ACC95B4965","MATCH"
"E:\EcommerceSkills\logistics-cost-skill-2.0\output\sessions\canvas_tote_bag_kuaner_2026-08-06_ai.json","E:\Electronic Commerce Auto\Logistics calibration\archive\legacy\output\sessions\canvas_tote_bag_kuaner_2026-08-06_ai.json","KEEP_AS_ARCHIVE","2134","454DD2D35E2238B64742839418F34244FFAB9C75E9BDEDF2E12BB79DC921931E","454DD2D35E2238B64742839418F34244FFAB9C75E9BDEDF2E12BB79DC921931E","MATCH"
"E:\EcommerceSkills\logistics-cost-skill-2.0\output\sessions\canvas_tote_bag_kuaner_2026-08-06_envelope.json","E:\Electronic Commerce Auto\Logistics calibration\archive\legacy\output\sessions\canvas_tote_bag_kuaner_2026-08-06_envelope.json","KEEP_AS_ARCHIVE","2345","91D64F63CE6CD8A69DB791DC460DC0517B6A430933267973DCA8C9FCC073372C","91D64F63CE6CD8A69DB791DC460DC0517B6A430933267973DCA8C9FCC073372C","MATCH"
"E:\EcommerceSkills\logistics-cost-skill-2.0\output\sessions\cosmetic_bag_kuaner_2026-08-06_ai.json","E:\Electronic Commerce Auto\Logistics calibration\archive\legacy\output\sessions\cosmetic_bag_kuaner_2026-08-06_ai.json","KEEP_AS_ARCHIVE","3029","BA2EC2B76BF766E1F186EFC2475D9E5A9518B1AFD3ACE8F8672DA890BFF0F17F","BA2EC2B76BF766E1F186EFC2475D9E5A9518B1AFD3ACE8F8672DA890BFF0F17F","MATCH"
"E:\EcommerceSkills\logistics-cost-skill-2.0\output\sessions\cosmetic_bag_kuaner_2026-08-06_envelope.json","E:\Electronic Commerce Auto\Logistics calibration\archive\legacy\output\sessions\cosmetic_bag_kuaner_2026-08-06_envelope.json","KEEP_AS_ARCHIVE","3185","3015DD806F485C5619E90D405AC3CA4E960CEBA1CC89C63A357781B0E2FBD061","3015DD806F485C5619E90D405AC3CA4E960CEBA1CC89C63A357781B0E2FBD061","MATCH"
"E:\EcommerceSkills\logistics-cost-skill-2.0\output\sessions\cosmetic_bag_kuanliu_2026-08-06_ai.json","E:\Electronic Commerce Auto\Logistics calibration\archive\legacy\output\sessions\cosmetic_bag_kuanliu_2026-08-06_ai.json","KEEP_AS_ARCHIVE","3214","F6F0615C203A869658C510FF08C50D7AA1D56F3A031F636EA76F2F8BFC3E4CB6","F6F0615C203A869658C510FF08C50D7AA1D56F3A031F636EA76F2F8BFC3E4CB6","MATCH"
"E:\EcommerceSkills\logistics-cost-skill-2.0\output\sessions\cosmetic_bag_kuanliu_2026-08-06_envelope.json","E:\Electronic Commerce Auto\Logistics calibration\archive\legacy\output\sessions\cosmetic_bag_kuanliu_2026-08-06_envelope.json","KEEP_AS_ARCHIVE","3375","665B27724BC77CF6507380E500303E73B7334C78854FDB9F48C2FDC9B5049BC3","665B27724BC77CF6507380E500303E73B7334C78854FDB9F48C2FDC9B5049BC3","MATCH"
"E:\EcommerceSkills\logistics-cost-skill-2.0\output\sessions\cosmetic_bag_kuanliu_2026-08-06_run.cmd","E:\Electronic Commerce Auto\Logistics calibration\archive\legacy\output\sessions\cosmetic_bag_kuanliu_2026-08-06_run.cmd","KEEP_AS_ARCHIVE","450","4E93A16170634B343A6FFC0B4C4038C38618081B9A6EBF68711BA7A25723FCB2","4E93A16170634B343A6FFC0B4C4038C38618081B9A6EBF68711BA7A25723FCB2","MATCH"
"E:\EcommerceSkills\logistics-cost-skill-2.0\output\sessions\cosmetic_bag_polka_mint_2026-08-06_ai.json","E:\Electronic Commerce Auto\Logistics calibration\archive\legacy\output\sessions\cosmetic_bag_polka_mint_2026-08-06_ai.json","KEEP_AS_ARCHIVE","2132","20EDE413603B2C154F41D942AAA18B0E9F397E61F3C93708B423B10585506254","20EDE413603B2C154F41D942AAA18B0E9F397E61F3C93708B423B10585506254","MATCH"
"E:\EcommerceSkills\logistics-cost-skill-2.0\output\sessions\cosmetic_bag_polka_mint_2026-08-06_envelope.json","E:\Electronic Commerce Auto\Logistics calibration\archive\legacy\output\sessions\cosmetic_bag_polka_mint_2026-08-06_envelope.json","KEEP_AS_ARCHIVE","2352","EB74E609DE232F736E32BDFB8E91686D3669FF0F7CF584E01010121586061E63","EB74E609DE232F736E32BDFB8E91686D3669FF0F7CF584E01010121586061E63","MATCH"
"E:\EcommerceSkills\logistics-cost-skill-2.0\output\sessions\pet_demattin_comb_2026-08-02_ai.json","E:\Electronic Commerce Auto\Logistics calibration\archive\legacy\output\sessions\pet_demattin_comb_2026-08-02_ai.json","KEEP_AS_ARCHIVE","1924","4785F2832748C8E75387C9A3D15A1A9D62278A3A9F6F41832D768A3ABE94986F","4785F2832748C8E75387C9A3D15A1A9D62278A3A9F6F41832D768A3ABE94986F","MATCH"
"E:\EcommerceSkills\logistics-cost-skill-2.0\output\sessions\satin_bonnet_2026-08-04_ai.json","E:\Electronic Commerce Auto\Logistics calibration\archive\legacy\output\sessions\satin_bonnet_2026-08-04_ai.json","KEEP_AS_ARCHIVE","2095","9399D11B599579C85B167FE20FAFF7DD7E5ED8C5D9F158FF890CD584A032A736","9399D11B599579C85B167FE20FAFF7DD7E5ED8C5D9F158FF890CD584A032A736","MATCH"
"E:\EcommerceSkills\logistics-cost-skill-2.0\output\sessions\ultrathin_long_gloves_2026-08-02_ai.json","E:\Electronic Commerce Auto\Logistics calibration\archive\legacy\output\sessions\ultrathin_long_gloves_2026-08-02_ai.json","KEEP_AS_ARCHIVE","1750","E03135071E470F7E5E222CB4E1995302E9EB3A8680CB4E8039516EE6F7AEBA5D","E03135071E470F7E5E222CB4E1995302E9EB3A8680CB4E8039516EE6F7AEBA5D","MATCH"
"E:\EcommerceSkills\logistics-cost-skill-2.0\output\sessions\wig_medium_long_curly_2026-08-02_ai.json","E:\Electronic Commerce Auto\Logistics calibration\archive\legacy\output\sessions\wig_medium_long_curly_2026-08-02_ai.json","KEEP_AS_ARCHIVE","1690","E092750DFEAB97F90D28EE0D73427C485D5F1098FA00B29D820BEA13C58CA0F8","E092750DFEAB97F90D28EE0D73427C485D5F1098FA00B29D820BEA13C58CA0F8","MATCH"
"E:\EcommerceSkills\logistics-cost-skill-2.0\output\wig_and_gloves_estimate_process_2026-08-02.md","E:\Electronic Commerce Auto\Logistics calibration\archive\legacy\output\wig_and_gloves_estimate_process_2026-08-02.md","KEEP_AS_ARCHIVE","16803","E9C9F943E3685D234BF31E75DEA1027BD1E49BF9E6A06175997E7B6A2D077BE6","E9C9F943E3685D234BF31E75DEA1027BD1E49BF9E6A06175997E7B6A2D077BE6","MATCH"
"E:\EcommerceSkills\logistics-cost-skill-2.0\data\head_cost_feedback.csv","E:\Electronic Commerce Auto\Logistics calibration\data\head_cost_feedback.csv","KEEP_AS_DATA","805","B7D5DAC568A6CF8569B69251B02232A6789192E2D58A71CE240B9965D3253580","B7D5DAC568A6CF8569B69251B02232A6789192E2D58A71CE240B9965D3253580","MATCH"
"E:\EcommerceSkills\logistics-cost-skill-2.0\data\product_images","E:\Electronic Commerce Auto\Logistics calibration\data\product_images","KEEP_AS_DATA","0","","","EMPTY_DIR"
