record_id,forwarder,rate_rmb_per_kg,actual_pure_first_leg_rmb,billed_weight_equivalent_kg,conditional_shipment_weight_upper_g,conditional_transport_volume_upper_cm3,baseline_first_leg_rmb,baseline_billed_weight_equivalent_kg,baseline_vs_actual_pct,record_evidence_level,weight_vs_volume_dominance,transport_volume_estimate,package_dimension_range,numeric_rule_use
CAL-0001,义乌,100,3,0.03,30.0,240.0,3.0,0.03,0.0,B,UNRESOLVED,UNRESOLVED,UNRESOLVED,BOUND_EVIDENCE_ONLY
CAL-0002,义乌,100,11,0.11,110.0,880.0,2.7,0.027,-75.45,D,UNRESOLVED,UNRESOLVED,UNRESOLVED,HOLD
CAL-0003,义乌,100,9,0.09,90.0,720.0,4.5,0.045,-50.0,B,UNRESOLVED,UNRESOLVED,UNRESOLVED,BOUND_EVIDENCE_ONLY
CAL-0004,义乌,100,12,0.12,120.0,960.0,11,0.11,-8.33,B,UNRESOLVED,UNRESOLVED,UNRESOLVED,BOUND_EVIDENCE_ONLY
CAL-0005,义乌,100,3,0.03,30.0,240.0,2.6,0.026,-13.33,B,UNRESOLVED,UNRESOLVED,UNRESOLVED,BOUND_EVIDENCE_ONLY
CAL-0006,义乌,100,5,0.05,50.0,400.0,10,0.1,100.0,B,UNRESOLVED,UNRESOLVED,UNRESOLVED,BOUND_EVIDENCE_ONLY
CAL-0007,深圳,80,43,0.5375,537.5,4300.0,52,0.65,20.93,B,UNRESOLVED,UNRESOLVED,UNRESOLVED,BOUND_EVIDENCE_ONLY
CAL-0008,义乌,100,16,0.16,160.0,1280.0,18,0.18,12.5,B,UNRESOLVED,UNRESOLVED,UNRESOLVED,BOUND_EVIDENCE_ONLY
CAL-0009,义乌,100,6,0.06,60.0,480.0,4.37,0.0437,-27.17,B,UNRESOLVED,UNRESOLVED,UNRESOLVED,BOUND_EVIDENCE_ONLY
CAL-0010,义乌,100,12,0.12,120.0,960.0,12,0.12,0.0,B,UNRESOLVED,UNRESOLVED,UNRESOLVED,BOUND_EVIDENCE_ONLY
CAL-0011,义乌,100,9,0.09,90.0,720.0,6.25,0.0625,-30.56,B,UNRESOLVED,UNRESOLVED,UNRESOLVED,BOUND_EVIDENCE_ONLY
CAL-0012,义乌,100,6,0.06,60.0,480.0,6,0.06,0.0,B,UNRESOLVED,UNRESOLVED,UNRESOLVED,BOUND_EVIDENCE_ONLY
CAL-0013,义乌,100,3,0.03,30.0,240.0,12,0.12,300.0,B,UNRESOLVED,UNRESOLVED,UNRESOLVED,BOUND_EVIDENCE_ONLY
CAL-0014,义乌,100,23,0.23,230.0,1840.0,25,0.25,8.7,B,UNRESOLVED,UNRESOLVED,UNRESOLVED,BOUND_EVIDENCE_ONLY
CAL-0015,义乌,100,29,0.29,290.0,2320.0,30,0.3,3.45,B,UNRESOLVED,UNRESOLVED,UNRESOLVED,BOUND_EVIDENCE_ONLY
CAL-0016,义乌,100,12,0.12,120.0,960.0,15,0.15,25.0,B,UNRESOLVED,UNRESOLVED,UNRESOLVED,BOUND_EVIDENCE_ONLY
CAL-0017,义乌,100,4,0.04,40.0,320.0,6.75,0.0675,68.75,B,UNRESOLVED,UNRESOLVED,UNRESOLVED,BOUND_EVIDENCE_ONLY
CAL-0018,义乌,100,13,0.13,130.0,1040.0,15,0.15,15.38,B,UNRESOLVED,UNRESOLVED,UNRESOLVED,BOUND_EVIDENCE_ONLY
CAL-0019,义乌,100,6,0.06,60.0,480.0,25,0.25,316.67,B,UNRESOLVED,UNRESOLVED,UNRESOLVED,BOUND_EVIDENCE_ONLY
CAL-0020,义乌,100,3,0.03,30.0,240.0,2.81,0.0281,-6.33,B,UNRESOLVED,UNRESOLVED,UNRESOLVED,BOUND_EVIDENCE_ONLY
CAL-0021,义乌,100,7,0.07,70.0,560.0,2.5,0.025,-64.29,B,UNRESOLVED,UNRESOLVED,UNRESOLVED,BOUND_EVIDENCE_ONLY
CAL-0022,义乌,100,6,0.06,60.0,480.0,13,0.13,116.67,B,UNRESOLVED,UNRESOLVED,UNRESOLVED,BOUND_EVIDENCE_ONLY
CAL-0023,义乌,100,19,0.19,190.0,1520.0,13.5,0.135,-28.95,B,UNRESOLVED,UNRESOLVED,UNRESOLVED,BOUND_EVIDENCE_ONLY
CAL-0024,深圳,80,39,0.4875,487.5,3900.0,52,0.65,33.33,B,UNRESOLVED,UNRESOLVED,UNRESOLVED,BOUND_EVIDENCE_ONLY
CAL-0025,义乌,100,18,0.18,180.0,1440.0,23,0.23,27.78,D,UNRESOLVED,UNRESOLVED,UNRESOLVED,HOLD
CAL-0026,义乌,100,12,0.12,120.0,960.0,46.88,0.4688,290.67,B,UNRESOLVED,UNRESOLVED,UNRESOLVED,BOUND_EVIDENCE_ONLY
CAL-0027,义乌,100,5,0.05,50.0,400.0,3,0.03,-40.0,B,UNRESOLVED,UNRESOLVED,UNRESOLVED,BOUND_EVIDENCE_ONLY
CAL-0028,义乌,100,8,0.08,80.0,640.0,9.45,0.0945,18.12,B,UNRESOLVED,UNRESOLVED,UNRESOLVED,BOUND_EVIDENCE_ONLY
CAL-0029,义乌,100,5,0.05,50.0,400.0,1.5,0.015,-70.0,B,UNRESOLVED,UNRESOLVED,UNRESOLVED,BOUND_EVIDENCE_ONLY
CAL-0030,义乌,100,12,0.12,120.0,960.0,14.06,0.1406,17.17,B,UNRESOLVED,UNRESOLVED,UNRESOLVED,BOUND_EVIDENCE_ONLY
CAL-0031,义乌,100,8,0.08,80.0,640.0,5,0.05,-37.5,B,UNRESOLVED,UNRESOLVED,UNRESOLVED,BOUND_EVIDENCE_ONLY
CAL-0032,义乌,100,5,0.05,50.0,400.0,7.5,0.075,50.0,B,UNRESOLVED,UNRESOLVED,UNRESOLVED,BOUND_EVIDENCE_ONLY
CAL-0033,义乌,100,17,0.17,170.0,1360.0,7,0.07,-58.82,B,UNRESOLVED,UNRESOLVED,UNRESOLVED,BOUND_EVIDENCE_ONLY
CAL-0034,义乌,100,11,0.11,110.0,880.0,11,0.11,0.0,B,UNRESOLVED,UNRESOLVED,UNRESOLVED,BOUND_EVIDENCE_ONLY
CAL-0035,义乌,100,14,0.14,140.0,1120.0,15,0.15,7.14,B,UNRESOLVED,UNRESOLVED,UNRESOLVED,BOUND_EVIDENCE_ONLY
CAL-0036,义乌,100,8,0.08,80.0,640.0,10,0.1,25.0,B,UNRESOLVED,UNRESOLVED,UNRESOLVED,BOUND_EVIDENCE_ONLY
CAL-0037,义乌,100,13,0.13,130.0,1040.0,26.25,0.2625,101.92,B,UNRESOLVED,UNRESOLVED,UNRESOLVED,BOUND_EVIDENCE_ONLY
CAL-0038,义乌,100,21,0.21,210.0,1680.0,18.25,0.1825,-13.1,B,UNRESOLVED,UNRESOLVED,UNRESOLVED,BOUND_EVIDENCE_ONLY
CAL-0039,义乌,100,5,0.05,50.0,400.0,6,0.06,20.0,B,UNRESOLVED,UNRESOLVED,UNRESOLVED,BOUND_EVIDENCE_ONLY
CAL-0040,义乌,100,8,0.08,80.0,640.0,16.88,0.1688,111.0,B,UNRESOLVED,UNRESOLVED,UNRESOLVED,BOUND_EVIDENCE_ONLY
CAL-0041,义乌,100,16,0.16,160.0,1280.0,6,0.06,-62.5,D,UNRESOLVED,UNRESOLVED,UNRESOLVED,HOLD
CAL-0042,义乌,100,10,0.1,100.0,800.0,4,0.04,-60.0,B,UNRESOLVED,UNRESOLVED,UNRESOLVED,BOUND_EVIDENCE_ONLY
CAL-0043,义乌,100,12,0.12,120.0,960.0,12.5,0.125,4.17,B,UNRESOLVED,UNRESOLVED,UNRESOLVED,BOUND_EVIDENCE_ONLY
CAL-0044,深圳,80,57,0.7125,712.5,5700.0,52,0.65,-8.77,B,UNRESOLVED,UNRESOLVED,UNRESOLVED,BOUND_EVIDENCE_ONLY
CAL-0045,义乌,100,14,0.14,140.0,1120.0,6.12,0.0612,-56.29,B,UNRESOLVED,UNRESOLVED,UNRESOLVED,BOUND_EVIDENCE_ONLY
CAL-0046,义乌,100,13.8,0.138,138.0,1104.0,12.5,0.125,-9.42,B,UNRESOLVED,UNRESOLVED,UNRESOLVED,BOUND_EVIDENCE_ONLY
CAL-0047,义乌,100,7,0.07,70.0,560.0,18.9,0.189,170.0,B,UNRESOLVED,UNRESOLVED,UNRESOLVED,BOUND_EVIDENCE_ONLY
CAL-0048,义乌,100,5,0.05,50.0,400.0,4.5,0.045,-10.0,B,UNRESOLVED,UNRESOLVED,UNRESOLVED,BOUND_EVIDENCE_ONLY
CAL-0049,义乌,100,25,0.25,250.0,2000.0,22,0.22,-12.0,B,UNRESOLVED,UNRESOLVED,UNRESOLVED,BOUND_EVIDENCE_ONLY
CAL-0050,义乌,100,23.5,0.235,235.0,1880.0,52.81,0.5281,124.72,B,UNRESOLVED,UNRESOLVED,UNRESOLVED,BOUND_EVIDENCE_ONLY
CAL-0051,深圳,80,80,1.0,1000.0,8000.0,68.4,0.855,-14.5,B,UNRESOLVED,UNRESOLVED,UNRESOLVED,BOUND_EVIDENCE_ONLY
CAL-0052,义乌,100,14,0.14,140.0,1120.0,12,0.12,-14.29,B,UNRESOLVED,UNRESOLVED,UNRESOLVED,BOUND_EVIDENCE_ONLY
CAL-0053,义乌,100,5,0.05,50.0,400.0,7,0.07,40.0,B,UNRESOLVED,UNRESOLVED,UNRESOLVED,BOUND_EVIDENCE_ONLY
CAL-0054,义乌,100,9,0.09,90.0,720.0,4.5,0.045,-50.0,B,UNRESOLVED,UNRESOLVED,UNRESOLVED,BOUND_EVIDENCE_ONLY
CAL-0055,义乌,100,5,0.05,50.0,400.0,3.75,0.0375,-25.0,B,UNRESOLVED,UNRESOLVED,UNRESOLVED,BOUND_EVIDENCE_ONLY
CAL-0056,义乌,100,6,0.06,60.0,480.0,6.6,0.066,10.0,B,UNRESOLVED,UNRESOLVED,UNRESOLVED,BOUND_EVIDENCE_ONLY
CAL-0057,义乌,100,16,0.16,160.0,1280.0,16.8,0.168,5.0,B,UNRESOLVED,UNRESOLVED,UNRESOLVED,BOUND_EVIDENCE_ONLY
CAL-0058,义乌,100,19,0.19,190.0,1520.0,22,0.22,15.79,B,UNRESOLVED,UNRESOLVED,UNRESOLVED,BOUND_EVIDENCE_ONLY
CAL-0059,义乌,100,8,0.08,80.0,640.0,8,0.08,0.0,B,UNRESOLVED,UNRESOLVED,UNRESOLVED,BOUND_EVIDENCE_ONLY
CAL-0060,义乌,100,4,0.04,40.0,320.0,3.5,0.035,-12.5,B,UNRESOLVED,UNRESOLVED,UNRESOLVED,BOUND_EVIDENCE_ONLY
CAL-0061,义乌,100,20,0.2,200.0,1600.0,21,0.21,5.0,B,UNRESOLVED,UNRESOLVED,UNRESOLVED,BOUND_EVIDENCE_ONLY
CAL-0062,义乌,100,10,0.1,100.0,800.0,7.5,0.075,-25.0,B,UNRESOLVED,UNRESOLVED,UNRESOLVED,BOUND_EVIDENCE_ONLY
CAL-0063,义乌,100,6,0.06,60.0,480.0,1,0.01,-83.33,B,UNRESOLVED,UNRESOLVED,UNRESOLVED,BOUND_EVIDENCE_ONLY
CAL-0064,义乌,100,7,0.07,70.0,560.0,3.5,0.035,-50.0,B,UNRESOLVED,UNRESOLVED,UNRESOLVED,BOUND_EVIDENCE_ONLY
CAL-0065,义乌,100,12,0.12,120.0,960.0,9.5,0.095,-20.83,B,UNRESOLVED,UNRESOLVED,UNRESOLVED,BOUND_EVIDENCE_ONLY
CAL-0066,义乌,100,7,0.07,70.0,560.0,7,0.07,0.0,B,UNRESOLVED,UNRESOLVED,UNRESOLVED,BOUND_EVIDENCE_ONLY
CAL-0067,义乌,100,10,0.1,100.0,800.0,14,0.14,40.0,B,UNRESOLVED,UNRESOLVED,UNRESOLVED,BOUND_EVIDENCE_ONLY
CAL-0068,义乌,100,12,0.12,120.0,960.0,9,0.09,-25.0,B,UNRESOLVED,UNRESOLVED,UNRESOLVED,BOUND_EVIDENCE_ONLY
CAL-0069,义乌,100,3,0.03,30.0,240.0,6.34,0.0634,111.33,B,UNRESOLVED,UNRESOLVED,UNRESOLVED,BOUND_EVIDENCE_ONLY
CAL-0070,义乌,100,4.75,0.0475,47.5,380.0,5.5,0.055,15.79,B,UNRESOLVED,UNRESOLVED,UNRESOLVED,BOUND_EVIDENCE_ONLY
CAL-0071,义乌,100,44.2,0.442,442.0,3536.0,68.75,0.6875,55.54,B,UNRESOLVED,UNRESOLVED,UNRESOLVED,BOUND_EVIDENCE_ONLY
CAL-0072,义乌,100,7.6,0.076,76.0,608.0,4.5,0.045,-40.79,B,UNRESOLVED,UNRESOLVED,UNRESOLVED,BOUND_EVIDENCE_ONLY
CAL-0073,义乌,100,15.2,0.152,152.0,1216.0,9.98,0.0998,-34.34,B,UNRESOLVED,UNRESOLVED,UNRESOLVED,BOUND_EVIDENCE_ONLY
CAL-0074,义乌,100,2.85,0.0285,28.5,228.0,7.5,0.075,163.16,B,UNRESOLVED,UNRESOLVED,UNRESOLVED,BOUND_EVIDENCE_ONLY
CAL-0075,义乌,100,25.2,0.252,252.0,2016.0,12,0.12,-52.38,D,UNRESOLVED,UNRESOLVED,UNRESOLVED,HOLD
CAL-0076,义乌,100,20.7,0.207,207.0,1656.0,20,0.2,-3.38,B,UNRESOLVED,UNRESOLVED,UNRESOLVED,BOUND_EVIDENCE_ONLY
CAL-0077,义乌,100,18.05,0.1805,180.5,1444.0,216.77,2.1677,1100.94,B,UNRESOLVED,UNRESOLVED,UNRESOLVED,BOUND_EVIDENCE_ONLY
CAL-0078,义乌,100,18.9,0.189,189.0,1512.0,11,0.11,-41.8,B,UNRESOLVED,UNRESOLVED,UNRESOLVED,BOUND_EVIDENCE_ONLY
CAL-0079,义乌,100,7.6,0.076,76.0,608.0,6.6,0.066,-13.16,B,UNRESOLVED,UNRESOLVED,UNRESOLVED,BOUND_EVIDENCE_ONLY
CAL-0080,义乌,100,8.55,0.0855,85.5,684.0,11.25,0.1125,31.58,B,UNRESOLVED,UNRESOLVED,UNRESOLVED,BOUND_EVIDENCE_ONLY
CAL-0081,义乌,100,8.55,0.0855,85.5,684.0,5,0.05,-41.52,B,UNRESOLVED,UNRESOLVED,UNRESOLVED,BOUND_EVIDENCE_ONLY
CAL-0082,义乌,100,3.8,0.038,38.0,304.0,7.5,0.075,97.37,B,UNRESOLVED,UNRESOLVED,UNRESOLVED,BOUND_EVIDENCE_ONLY
CAL-0083,义乌,100,5.7,0.057,57.0,456.0,7,0.07,22.81,B,UNRESOLVED,UNRESOLVED,UNRESOLVED,BOUND_EVIDENCE_ONLY
